model,mutation,complex_ddG,complex_native_dG,complex_mutant_dG,FA_RMSD,CA_RMSD,ligands_interface_native_dG,ligands_interface_mutant_dG,ligands_interface_ddG
SLC38A3_lig_mem_6,p.Ala3Thr,ValueError: Not in pose,,,,,,,
SLC38A3_lig_mem_6,p.Ala3Glu,ValueError: Not in pose,,,,,,,
SLC38A3_lig_mem_6,p.Pro4Ala,ValueError: Not in pose,,,,,,,
SLC38A3_lig_mem_6,p.Thr7Lys,ValueError: Not in pose,,,,,,,
SLC38A3_lig_mem_6,p.Glu8Asp,ValueError: Not in pose,,,,,,,
SLC38A3_lig_mem_6,p.Met9Val,ValueError: Not in pose,,,,,,,
SLC38A3_lig_mem_6,p.Met9Arg,ValueError: Not in pose,,,,,,,
SLC38A3_lig_mem_6,p.Gly21Glu,ValueError: Not in pose,,,,,,,
SLC38A3_lig_mem_6,p.Pro24Leu,ValueError: Not in pose,,,,,,,
SLC38A3_lig_mem_6,p.Val25Ile,ValueError: Not in pose,,,,,,,
SLC38A3_lig_mem_6,p.Ile26Phe,ValueError: Not in pose,,,,,,,
SLC38A3_lig_mem_6,p.Glu36Lys,ValueError: Not in pose,,,,,,,
SLC38A3_lig_mem_6,p.Pro38Ala,ValueError: Not in pose,,,,,,,
SLC38A3_lig_mem_6,p.Ala39Val,ValueError: Not in pose,,,,,,,
SLC38A3_lig_mem_6,p.Arg40Trp,ValueError: Not in pose,,,,,,,
SLC38A3_lig_mem_6,p.Arg40Gln,ValueError: Not in pose,,,,,,,
SLC38A3_lig_mem_6,p.Ser41Arg,ValueError: Not in pose,,,,,,,
SLC38A3_lig_mem_6,p.Cys42Arg,ValueError: Not in pose,,,,,,,
SLC38A3_lig_mem_6,p.Glu44Lys,ValueError: Not in pose,,,,,,,
SLC38A3_lig_mem_6,p.Gln50Arg,ValueError: Not in pose,,,,,,,
SLC38A3_lig_mem_6,p.Lys51Glu,ValueError: Not in pose,,,,,,,
SLC38A3_lig_mem_6,p.Glu56Lys,ValueError: Not in pose,,,,,,,
SLC38A3_lig_mem_6,p.Glu63Lys,ValueError: Not in pose,,,,,,,
SLC38A3_lig_mem_6,p.Lys65Arg,ValueError: Not in pose,,,,,,,
SLC38A3_lig_mem_6,G69R,25.72935205629949,-815.471294718395,-789.7419426620955,0.5716609358787537,0.23459690809249878,-49.10751976673669,-45.346444385653285,3.7610753810834012
SLC38A3_lig_mem_6,F73L,0.5196743478433064,-815.5127390154332,-814.9930646675899,0.13381750881671906,0.13652753829956055,-49.12642613663047,-48.93202077348985,0.19440536314061774
SLC38A3_lig_mem_6,S76C,0.7096180844016544,-816.5771988157962,-815.8675807313946,0.352255254983902,0.12394378334283829,-49.09639622268571,-49.17089672423708,-0.07450050155136978
SLC38A3_lig_mem_6,A88T,5.321974417461206,-815.6631749652187,-810.3412005477575,0.1880282461643219,0.14733518660068512,-50.281597708468894,-50.142461263446194,0.13913644502270017
SLC38A3_lig_mem_6,T104A,0.6049164072084068,-817.5404746477736,-816.9355582405652,0.28943026065826416,0.054464057087898254,-50.40957059067978,-50.40351362266722,0.006056968012558173
SLC38A3_lig_mem_6,T104I,-2.9382624777047113,-817.4303054758691,-820.3685679535738,0.2912067770957947,0.05121089518070221,-50.4204026968705,-50.41395828900352,0.006444407866979418
SLC38A3_lig_mem_6,V106I,0.9539092798510183,-816.9845352339013,-816.0306259540503,0.1130216121673584,0.09328223764896393,-50.407260507153865,-50.344578622158,0.06268188499586813
SLC38A3_lig_mem_6,A107T,4.226742350400741,-817.5645190031217,-813.337776652721,0.3347562253475189,0.18603001534938812,-50.476354128884054,-50.511815588358445,-0.03546145947439072
SLC38A3_lig_mem_6,L108S,3.7041447506823033,-818.3957084073352,-814.6915636566529,0.32047462463378906,0.0629367008805275,-50.43272774557863,-50.45915920988773,-0.026431464309098374
SLC38A3_lig_mem_6,Y112S,6.153150782770581,-817.5717646375524,-811.4186138547818,0.08375534415245056,0.06352848559617996,-50.42901493294528,-50.4323649049893,-0.003349972044020433
SLC38A3_lig_mem_6,S113F,2.185090308470876,-817.604799930188,-815.4197096217172,0.1480126827955246,0.1521979421377182,-50.413958616155355,-50.380840846763135,0.03311776939222
SLC38A3_lig_mem_6,I114V,1.4192182850646304,-816.1316100101619,-814.7123917250973,0.06573788076639175,0.04656868055462837,-49.76798570598737,-49.773401605634376,-0.0054158996470050624
SLC38A3_lig_mem_6,S121A,2.7048298119548235,-817.1537011212711,-814.4488713093162,0.0490281842648983,0.03817414864897728,-50.46779383733144,-50.45182546071362,0.015968376617820468
SLC38A3_lig_mem_6,R127C,4.884064398754276,-817.069746013795,-812.1856816150407,0.05363525077700615,0.03631247580051422,-50.48188671115054,-50.472509921462915,0.009376789687621567
SLC38A3_lig_mem_6,R135C,2.473723670874392,-816.7306281557903,-814.2569044849159,0.1879109889268875,0.15283551812171936,-49.22577226003409,-48.5418918205786,0.6838804394554927
SLC38A3_lig_mem_6,R135H,3.438907068806884,-817.1226880764607,-813.6837810076538,0.35559964179992676,0.18948501348495483,-50.15685397075845,-48.790328462585194,1.366525508173254
SLC38A3_lig_mem_6,P140L,-2.3994958349884428,-816.5583290892633,-818.9578249242518,0.20337632298469543,0.09544819593429565,-49.861052329535596,-49.98426775535802,-0.12321542582242273
SLC38A3_lig_mem_6,T150M,-2.4701727192641556,-816.9856223266282,-819.4557950458924,0.06544043868780136,0.06139432638883591,-50.35048336502223,-50.36636808567141,-0.015884720649182782
SLC38A3_lig_mem_6,L151F,2.5307784809966734,-817.4132585272371,-814.8824800462404,0.20637696981430054,0.06011892110109329,-50.50433682681455,-50.57446184152741,-0.07012501471285759
SLC38A3_lig_mem_6,E179V,8.07168679839367,-817.2240963446643,-809.1524095462706,0.1802089661359787,0.14017346501350403,-50.437398272867995,-50.41912021133203,0.018278061535966117
SLC38A3_lig_mem_6,E179K,-1.1942608607012062,-817.2240963446643,-818.4183572053655,0.7240261435508728,0.073033906519413,-50.437398272867995,-50.43186485443232,0.00553341843567523
SLC38A3_lig_mem_6,S183L,4.6549262456412634,-817.6895947750775,-813.0346685294362,0.17315253615379333,0.15345436334609985,-50.414281782299895,-50.39468981568132,0.019591966618577317
SLC38A3_lig_mem_6,G189R,16.19880215632088,-817.8404068241412,-801.6416046678203,0.09688960015773773,0.042115725576877594,-50.403041300270274,-50.39891315684599,0.004128143424281916
SLC38A3_lig_mem_6,N190S,0.3623125113532524,-817.8762827776068,-817.5139702662535,0.019406957551836967,0.01543007418513298,-50.40389848231928,-50.406202289206476,-0.002303806887198334
SLC38A3_lig_mem_6,I200V,2.684645928983173,-817.8188675687956,-815.1342216398124,0.44166478514671326,0.12472312152385712,-50.90100632128792,-51.006579807522485,-0.10557348623456164
SLC38A3_lig_mem_6,R208R,0.015070199100023274,-817.2753732600539,-817.2603030609539,0.09997621178627014,0.0546099878847599,-50.6043171032959,-50.63328542897216,-0.028968325676260065
SLC38A3_lig_mem_6,R208G,2.9109774996300075,-817.2461574210075,-814.3351799213775,0.10630477964878082,0.059220753610134125,-50.4993735551526,-47.448475614005474,3.0508979411471273
SLC38A3_lig_mem_6,R208Q,-0.5501684026620524,-817.2770724285803,-817.8272408312423,0.0983218103647232,0.0502406507730484,-50.49631308044195,-48.93436931797942,1.5619437624625334
SLC38A3_lig_mem_6,R208W,-0.30951588324762724,-817.2753732600539,-817.5848891433016,0.5611722469329834,0.10794799774885178,-50.6043171032959,-48.201088842351396,2.403228260944502
SLC38A3_lig_mem_6,G218S,-1.2969929081115197,-817.8817540029793,-819.1787469110908,0.04182131215929985,0.03230409324169159,-50.56667967557041,-50.540649670080256,0.026030005490156327
SLC38A3_lig_mem_6,V225M,0.7664925904970232,-817.4899388617862,-816.7234462712892,0.032459843903779984,0.023563934490084648,-50.472181807317156,-50.47895827091804,-0.006776463600886018
SLC38A3_lig_mem_6,I229T,2.0690717644775987,-816.9464574196347,-814.8773856551571,0.04923136159777641,0.032804764807224274,-50.422422150437455,-50.42030320497861,0.0021189454588466106
SLC38A3_lig_mem_6,A230T,10.547240363157925,-816.7457110892943,-806.1984707261364,0.25612568855285645,0.1371067762374878,-50.40366837155079,-50.34376963620309,0.059898735347701404
SLC38A3_lig_mem_6,I232T,4.160004701922844,-816.8621801369756,-812.7021754350527,0.05997529625892639,0.040325287729501724,-50.41684199468125,-50.4208026485328,-0.003960653851549978
SLC38A3_lig_mem_6,K235M,-2.739787664147457,-816.2112417341873,-818.9510293983348,0.07256297767162323,0.06335572153329849,-50.40723162703739,-50.3893936409396,0.017837986097788416
SLC38A3_lig_mem_6,V238M,1.682698103142684,-819.1569263312731,-817.4742282281304,0.07513442635536194,0.08470341563224792,-50.39194758328665,-50.390755388189746,0.0011921950969053796
SLC38A3_lig_mem_6,P243S,3.9366364848517605,-817.9200801312803,-813.9834436464286,0.13950999081134796,0.09897562861442566,-50.40759831638195,-50.395744953472786,0.011853362909164389
SLC38A3_lig_mem_6,p.Asn247Ser,ValueError: Not in pose,,,,,,,
SLC38A3_lig_mem_6,p.Asn248Thr,ValueError: Not in pose,,,,,,,
SLC38A3_lig_mem_6,p.Thr249Ser,ValueError: Not in pose,,,,,,,
SLC38A3_lig_mem_6,p.Asn252Lys,ValueError: Not in pose,,,,,,,
SLC38A3_lig_mem_6,p.Phe253Leu,ValueError: Not in pose,,,,,,,
SLC38A3_lig_mem_6,p.Val256Met,ValueError: Not in pose,,,,,,,
SLC38A3_lig_mem_6,p.Glu257Asp,ValueError: Not in pose,,,,,,,
SLC38A3_lig_mem_6,p.Ile258Phe,ValueError: Not in pose,,,,,,,
SLC38A3_lig_mem_6,p.Val259Met,ValueError: Not in pose,,,,,,,
SLC38A3_lig_mem_6,p.Val259Leu,ValueError: Not in pose,,,,,,,
SLC38A3_lig_mem_6,p.Lys262del,ValueError: 'DEL' is not in list,,,,,,,
SLC38A3_lig_mem_6,p.Val267Ile,ValueError: Not in pose,,,,,,,
SLC38A3_lig_mem_6,p.Val267Phe,ValueError: Not in pose,,,,,,,
SLC38A3_lig_mem_6,p.Val267Asp,ValueError: Not in pose,,,,,,,
SLC38A3_lig_mem_6,p.Glu268Lys,ValueError: Not in pose,,,,,,,
SLC38A3_lig_mem_6,p.Pro269Thr,ValueError: Not in pose,,,,,,,
SLC38A3_lig_mem_6,p.Ala271Thr,ValueError: Not in pose,,,,,,,
SLC38A3_lig_mem_6,p.Thr276Ser,ValueError: Not in pose,,,,,,,
SLC38A3_lig_mem_6,p.Ser278Ile,ValueError: Not in pose,,,,,,,
SLC38A3_lig_mem_6,p.Thr281Met,ValueError: Not in pose,,,,,,,
SLC38A3_lig_mem_6,N283S,1.4886880240575238,-816.3267320228692,-814.8380439988117,0.31348133087158203,0.09426809102296829,-50.408375759652586,-50.37264527626769,0.035730483384895706
SLC38A3_lig_mem_6,T289A,1.7382804463051116,-815.6924743807925,-813.9541939344874,0.15786947309970856,0.11780992150306702,-50.31332605544435,-50.330926287986244,-0.01760023254189491
SLC38A3_lig_mem_6,I290T,7.799819891267703,-816.9919633745706,-809.1921434833029,0.04281777888536453,0.03365969657897949,-50.52564372943732,-50.53647092846359,-0.010827199026266499
SLC38A3_lig_mem_6,M293T,2.3857946162928556,-815.5512553436873,-813.1654607273945,0.13116972148418427,0.09880886226892471,-50.112512319782354,-50.1271827930633,-0.014670473280943952
SLC38A3_lig_mem_6,A294T,2.849655678680733,-817.3292827210112,-814.4796270423304,0.05997040495276451,0.04296490550041199,-50.57348394501662,-50.49704225253538,0.07644169248123944
SLC38A3_lig_mem_6,A296A,0.07245550410152646,-814.2433735430025,-814.1709180389009,0.30874401330947876,0.20428603887557983,-50.07883217303129,-50.02183198379612,0.057000189235168364
SLC38A3_lig_mem_6,A296T,-0.4590141328109212,-814.1967191432866,-814.6557332760975,0.32552018761634827,0.2261788249015808,-50.05631289835776,-50.105519848266,-0.04920694990823904
SLC38A3_lig_mem_6,A296T,1.1614573671749895,-815.761034109065,-814.59957674189,0.3257831037044525,0.2256123125553131,-50.9057341658139,-50.08511816402188,0.8206160017920183
SLC38A3_lig_mem_6,P305T,-8.388850851014695,-813.0010635927249,-821.3899144437396,0.20800140500068665,0.17897005379199982,-50.397327700128926,-50.3238892196847,0.0734384804442243
SLC38A3_lig_mem_6,D312N,-1.0541227578628423,-817.0549447340719,-818.1090674919348,0.06196365877985954,0.05279925838112831,-50.348224548161625,-50.37714292593637,-0.02891837777474393
SLC38A3_lig_mem_6,K315R,2.317946730583799,-815.3554362683801,-813.0374895377963,0.11764246970415115,0.11921019107103348,-49.360149340813905,-49.35205031540852,0.008099025405385873
SLC38A3_lig_mem_6,N323S,1.8386663624895618,-816.5530344589447,-814.7143680964551,0.37060824036598206,0.12519200146198273,-49.63728283148885,-49.684390097723394,-0.04710726623454775
SLC38A3_lig_mem_6,L324V,1.1435938407533968,-818.0143635348163,-816.8707696940629,0.08771727979183197,0.09977365285158157,-50.499194440981455,-50.49790022459672,0.0012942163847355914
SLC38A3_lig_mem_6,A327T,0.6571173966904098,-816.6830453387703,-816.0259279420799,0.37137794494628906,0.1839161068201065,-50.46472918065956,-50.40796601911006,0.056763161549497454
SLC38A3_lig_mem_6,Y330N,1.9633029501742385,-807.9560330898171,-805.9927301396428,0.8880773782730103,0.23370584845542908,-50.594519940335545,-50.65625677160892,-0.06173683127337881
SLC38A3_lig_mem_6,I331L,7.923592993950706,-815.4128339153523,-807.4892409214016,0.5170480608940125,0.16789676249027252,-50.121188377788485,-49.88880784122023,0.2323805365682574
SLC38A3_lig_mem_6,F334L,4.340942357307995,-814.8447522953852,-810.5038099380772,0.4942234754562378,0.18880045413970947,-50.236363684886896,-49.66462416482261,0.5717395200642841
SLC38A3_lig_mem_6,F339L,-0.1943610956991506,-817.1010487862882,-817.2954098819873,0.37151601910591125,0.08077050000429153,-50.4053798055653,-50.40079205486518,0.004587750700125071
SLC38A3_lig_mem_6,S350L,0.061956855013363565,-817.8484821470059,-817.7865252919926,0.21623241901397705,0.2012619823217392,-50.2932539036924,-50.287872336514624,0.005381567177778379
SLC38A3_lig_mem_6,H354R,2.347870653945847,-813.0861632700764,-810.7382926161306,0.2674943506717682,0.13385820388793945,-50.223790901077905,-50.27843728568382,-0.054646384605916865
SLC38A3_lig_mem_6,P361T,3.0737545845404384,-814.3853003657212,-811.3115457811807,0.12068722397089005,0.11136183142662048,-50.42005708883789,-50.41813192872769,0.0019251601102041604
SLC38A3_lig_mem_6,P361L,4.1571572919182245,-814.380347965922,-810.2231906740038,0.8591272234916687,0.12539111077785492,-50.418704427836815,-50.420644985790545,-0.001940557953730604
SLC38A3_lig_mem_6,V364I,-0.1723730308958693,-817.1636195948902,-817.335992625786,0.05629746615886688,0.04976606369018555,-50.44566061519083,-50.443160983410166,0.002499631780665368
SLC38A3_lig_mem_6,R370C,-0.9127017536939093,-815.3334532619124,-816.2461550156063,0.17012503743171692,0.11853733658790588,-50.48069515066868,-50.48384894162302,-0.003153790954343094
SLC38A3_lig_mem_6,V373L,0.7990415433189355,-815.91650328627,-815.117461742951,0.11114983260631561,0.09376349300146103,-51.431917353881886,-51.47721868480869,-0.04530133092680444
SLC38A3_lig_mem_6,V373M,-0.4748313444570158,-815.9013694522557,-816.3762007967127,0.10831546038389206,0.09428369998931885,-51.44966917612476,-51.43723119574656,0.01243798037819488
SLC38A3_lig_mem_6,T375T,-0.01947969178593212,-817.6013707850441,-817.62085047683,0.047663480043411255,0.03283379599452019,-50.48671030779258,-50.42391798420783,0.06279232358474474
SLC38A3_lig_mem_6,T375P,20.498059744444163,-817.6013707850441,-797.1033110405999,0.2509745657444,0.2941504120826721,-50.48671030779258,-50.75054639886571,-0.2638360910731308
SLC38A3_lig_mem_6,T375I,-2.374293719816251,-817.6013707850441,-819.9756645048603,0.07173335552215576,0.04743198677897453,-50.48671030779258,-50.69361256016998,-0.20690225237740378
SLC38A3_lig_mem_6,T378M,-0.921765364472094,-815.7518635444189,-816.673628908891,0.12384561449289322,0.0789026990532875,-50.56890754518099,-50.5848719970154,-0.015964451834406646
SLC38A3_lig_mem_6,V381A,-3.498307031463696,-816.1059567586886,-819.6042637901523,0.12822644412517548,0.1007603332400322,-51.06312173466597,-51.052386957870226,0.010734776795743528
SLC38A3_lig_mem_6,P382L,1.6688415865784236,-816.0867730571464,-814.417931470568,0.2598772346973419,0.19604365527629852,-51.02280209785272,-51.52242094165422,-0.4996188438014997
SLC38A3_lig_mem_6,V384I,-0.07445557150572313,-816.2882942577787,-816.3627498292844,0.08958707749843597,0.060897331684827805,-51.002393566022874,-50.93020775444302,0.07218581157985682
SLC38A3_lig_mem_6,P387P,0.27097413862793474,-816.9292531184894,-816.6582789798615,0.054598916321992874,0.03149300441145897,-50.45854424578806,-50.436644128274,0.021900117514064732
SLC38A3_lig_mem_6,P387Q,1.897823662057931,-816.9292531184894,-815.0314294564315,0.12315240502357483,0.07976708561182022,-50.45854424578806,-50.081176602091546,0.3773676436965161
SLC38A3_lig_mem_6,R389C,0.9959006964110131,-817.0314774523324,-816.0355767559214,0.05809853598475456,0.05511169135570526,-50.674367365207104,-50.370494846310635,0.30387251889646905
SLC38A3_lig_mem_6,R389H,0.5608209098534189,-817.0314774523324,-816.470656542479,0.4887682795524597,0.1364513486623764,-50.674367365207104,-47.80900757806057,2.865359787146531
SLC38A3_lig_mem_6,R390C,1.9270559005557288,-817.9694323033214,-816.0423764027656,0.08890803158283234,0.07716754823923111,-50.522272912203334,-47.62469866999868,2.897574242204655
SLC38A3_lig_mem_6,R390H,4.710719828230822,-817.9678856656064,-813.2571658373756,0.4515001177787781,0.1816885769367218,-50.49118186706062,-47.525092919463646,2.9660889475969725
SLC38A3_lig_mem_6,A391T,3.8717848686841307,-817.1279958011305,-813.2562109324464,0.07125252485275269,0.07237855345010757,-50.588833884380165,-50.61255661373559,-0.023722729355426964
SLC38A3_lig_mem_6,I392T,0.8956069993485016,-817.0064828411159,-816.1108758417674,0.15855152904987335,0.20760302245616913,-50.515612039773714,-50.62110957323375,-0.10549753346003854
SLC38A3_lig_mem_6,M395I,-0.23671699934504886,-816.9523333082632,-817.1890503076082,0.1298486888408661,0.13500869274139404,-50.3174234150116,-50.246393971897646,0.07102944311395731
SLC38A3_lig_mem_6,P398A,1.5051676810753634,-817.729867630354,-816.2246999492786,0.09187006205320358,0.10416276007890701,-50.37487435801813,-50.27991326791812,0.09496109010001419
SLC38A3_lig_mem_6,Q400E,2.6573610175123576,-817.9011970324306,-815.2438360149182,0.12092452496290207,0.06565709412097931,-50.44291510559799,-50.374334583258474,0.06858052233951639
SLC38A3_lig_mem_6,E401D,-1.4017487018575139,-817.7705188738225,-819.17226757568,0.5350824594497681,0.08976650983095169,-50.262629455945444,-50.268022767892944,-0.005393311947500479
SLC38A3_lig_mem_6,R406W,0.8353181455102003,-818.0768539575542,-817.241535812044,0.3444735109806061,0.09308405965566635,-50.31536337104501,-50.36068048009099,-0.04531710904598185
SLC38A3_lig_mem_6,V408M,1.0048274207013037,-817.4950771721171,-816.4902497514158,0.06600038707256317,0.04765184596180916,-50.576751330794195,-50.42009774312476,0.15665358766943882
SLC38A3_lig_mem_6,V412I,-0.9967986585132849,-817.5144351493562,-818.5112338078695,0.10194337368011475,0.07404559850692749,-50.483183679436706,-50.52168727468393,-0.0385035952472208
SLC38A3_lig_mem_6,V412L,-1.2182567365106252,-817.5144351493562,-818.7326918858669,0.0893455371260643,0.08768703788518906,-50.483183679436706,-50.5039406024888,-0.020756923052090315
SLC38A3_lig_mem_6,V412A,1.5659556549154559,-817.5144351493562,-815.9484794944408,0.045257262885570526,0.036019206047058105,-50.483183679436706,-50.46354195507297,0.019641724363737012
SLC38A3_lig_mem_6,N419S,0.14422953435519048,-816.9526603822461,-816.8084308478909,0.18711799383163452,0.1186879575252533,-50.414948416600396,-50.39939157947367,0.015556837126723622
SLC38A3_lig_mem_6,P426S,2.2227370485001074,-815.345645268924,-813.1229082204239,0.30700793862342834,0.23313423991203308,-51.128054023137906,-51.16391236116567,-0.03585833802776506
SLC38A3_lig_mem_6,I444F,3.947385718751775,-817.5148577304492,-813.5674720116974,0.22537943720817566,0.15453313291072845,-50.70129366113963,-49.8697014253853,0.8315922357543286
SLC38A3_lig_mem_6,I450M,2.3295250358883095,-817.2718842958784,-814.9423592599901,0.06894637644290924,0.03922750800848007,-50.24445962420464,-50.39498063241979,-0.1505210082151507
SLC38A3_lig_mem_6,R454Q,0.7795503816690825,-817.2084114615316,-816.4288610798625,0.3129313290119171,0.17726688086986542,-50.21787045385349,-50.86057165028615,-0.6427011964326539
SLC38A3_lig_mem_6,T458M,0.0741161748386503,-817.961108994547,-817.8869928197083,0.27630552649497986,0.21333059668540955,-50.34475466104777,-50.34911888478143,-0.0043642237336598555
SLC38A3_lig_mem_6,K460R,1.4182919112218997,-817.942527959896,-816.5242360486741,0.04206983745098114,0.021716086193919182,-50.365746298537715,-50.36574679215698,-4.936192681270768e-07
SLC38A3_lig_mem_6,E461Q,0.3305322636483652,-817.9522983138015,-817.6217660501532,0.9327583909034729,0.03175436705350876,-50.365746848872504,-50.36574703233555,-1.8346304386795964e-07
SLC38A3_lig_mem_6,M476I,1.2295652709718752,-817.8610029879029,-816.631437716931,0.04677046090364456,0.04845161363482475,-50.37927008335885,-50.36826271171424,0.01100737164460952
SLC38A3_lig_mem_6,L481M,4.003792300164946,-820.2580442121326,-816.2542519119677,0.5428128838539124,0.12218303978443146,-50.4197009454067,-50.379388396778836,0.04031254862786682
SLC38A3_lig_mem_6,S487G,2.4800283897770896,-820.4334782784179,-817.9534498886408,0.6916918158531189,0.07718431204557419,-50.37184627174861,-50.372090342121396,-0.00024407037278706412
SLC38A3_lig_mem_6,I491T,-9.153637863072618,-818.0534832997317,-827.2071211628044,0.09555982798337936,0.06393218785524368,-50.36575230856124,-50.36575230856113,1.1368683772161603e-13
SLC38A3_lig_mem_6,D492V,-5.9551625111533895,-818.0463555061992,-824.0015180173526,0.14452117681503296,0.10130694508552551,-50.389880803025335,-50.39086323797085,-0.0009824349455129777
SLC38A3_lig_mem_6,p.Arg499Gln,ValueError: Not in pose,,,,,,,
SLC38A3_lig_mem_6,p.Asn503Ser,ValueError: Not in pose,,,,,,,
